{
  "cross_validation": {
    "category_only": {
      "auc": {
        "mean": 0.9551065643648764,
        "std": 0.011116616717284393
      },
      "accuracy": {
        "mean": 0.921177341725287,
        "std": 0.015908143277117134
      },
      "precision": {
        "mean": 0.8590858416945373,
        "std": 0.030049504958553297
      },
      "recall": {
        "mean": 0.8956521739130434,
        "std": 0.03478260869565219
      },
      "f1": {
        "mean": 0.8765391077800222,
        "std": 0.025051959764687146
      }
    },
    "geometry_only": {
      "auc": {
        "mean": 0.7524160272804774,
        "std": 0.05419620341453942
      },
      "accuracy": {
        "mean": 0.7582747130692337,
        "std": 0.030418756511241898
      },
      "precision": {
        "mean": 0.7306468531468531,
        "std": 0.12024855772114831
      },
      "recall": {
        "mean": 0.3739130434782608,
        "std": 0.05897678246195886
      },
      "f1": {
        "mean": 0.4907765437177202,
        "std": 0.061951905579882685
      }
    },
    "combined": {
      "auc": {
        "mean": 0.9714816709292414,
        "std": 0.015082280308866174
      },
      "accuracy": {
        "mean": 0.9184746390225842,
        "std": 0.017160860146487576
      },
      "precision": {
        "mean": 0.8518394648829432,
        "std": 0.031002220013064984
      },
      "recall": {
        "mean": 0.8956521739130434,
        "std": 0.03478260869565219
      },
      "f1": {
        "mean": 0.8728388302592082,
        "std": 0.0270920571875164
      }
    }
  },
  "likelihood_ratio_test": {
    "lr_statistic": 14.630932725606556,
    "df": 5,
    "p_value": 0.012061382124342712,
    "significant": true
  }
}