{
  "text_only": {
    "auc": {
      "mean": 0.8303802216538789,
      "std": 0.04610632393779751
    },
    "accuracy": {
      "mean": 0.8207330618289521,
      "std": 0.05147208909853431
    },
    "precision": {
      "mean": 0.8089285714285716,
      "std": 0.13641735181988768
    },
    "recall": {
      "mean": 0.5652173913043479,
      "std": 0.09914568913905547
    },
    "f1": {
      "mean": 0.6619353619353621,
      "std": 0.10377669080266695
    }
  },
  "geometry_only": {
    "auc": {
      "mean": 0.7524160272804774,
      "std": 0.05419620341453942
    },
    "accuracy": {
      "mean": 0.7582747130692337,
      "std": 0.030418756511241898
    },
    "precision": {
      "mean": 0.7306468531468531,
      "std": 0.12024855772114831
    },
    "recall": {
      "mean": 0.3739130434782608,
      "std": 0.05897678246195886
    },
    "f1": {
      "mean": 0.4907765437177202,
      "std": 0.061951905579882685
    }
  },
  "text_and_geometry": {
    "auc": {
      "mean": 0.8439693094629156,
      "std": 0.05552786293437557
    },
    "accuracy": {
      "mean": 0.8289522399111441,
      "std": 0.04686705446688371
    },
    "precision": {
      "mean": 0.7793653250773994,
      "std": 0.08987642760892083
    },
    "recall": {
      "mean": 0.6260869565217391,
      "std": 0.10140785904078783
    },
    "f1": {
      "mean": 0.6930956640258966,
      "std": 0.09563824470470168
    }
  }
}