feature,importance
cat_nonexistent,0.41907462432915754
cat_ambiguous,0.16543022251569836
density,0.08684780657957994
cat_factual,0.08142372681190836
centrality,0.06957095432232957
oppositeness_score,0.05990960519728646
local_id,0.04761612810289292
curvature_score,0.04599262869383798
cat_impossible,0.024134303447308984
