feature,pearson_r,pearson_p,spearman_r,spearman_p,n_samples
local_id,0.029484980759324833,0.8566774219098809,0.09745831841044725,0.5496650594650505,40
curvature_score,-0.08467624920668802,0.6034175008364113,-0.06510365157091136,0.6898055910347528,40
oppositeness_score,0.28486136422708697,0.07481297476449228,0.25447449807172334,0.11305388689049142,40
