category,n_samples,local_id_mean,local_id_std,local_id_median,curvature_score_mean,curvature_score_std,curvature_score_median,oppositeness_score_mean,oppositeness_score_std,oppositeness_score_median,is_hallucinated_mean,is_hallucinated_std,is_hallucinated_median
impossible,10,182.31288435844323,523.2887715745969,11.459321879956331,0.37724499228696506,0.2939937939203954,0.47518922741785435,0.49064145531779635,0.04767680321963575,0.4883867750047396,0.1,0.31622776601683794,0.0
ambiguous,10,80.32100989422007,120.93230799394196,22.774244723629717,0.21002922227727586,0.2707309824026291,0.15831529880467735,0.43674699044380283,0.06800633136054468,0.46357512905619447,0.0,0.0,0.0
factual,10,390.6402618181028,1147.7650280195942,16.069340312726403,0.3327671248481815,0.3294098399156836,0.33544758814290687,0.4140517134723248,0.06216914715031207,0.4020454234108127,0.0,0.0,0.0
nonexistent,10,206.21630658100884,477.7311165199903,19.945171798834348,0.26187537944664324,0.23020883640419826,0.21514738233446717,0.4728560279068061,0.04049130648245016,0.47969615976292856,0.7,0.4830458915396479,1.0
