feature,importance
cat_nonexistent,0.294609206891138
density,0.17691880677014332
cat_ambiguous,0.1401785614871284
oppositeness_score,0.12400609747437084
centrality,0.08349567440517033
local_id,0.059991530606107624
curvature_score,0.05663536305102626
cat_factual,0.0529536554492675
cat_impossible,0.011211103865647715
