feature_set,model,test_auc,test_accuracy,test_precision,test_recall,test_f1
Category Only,logistic,0.8418441582564546,0.7373188405797102,0.1686046511627907,0.9354838709677419,0.2857142857142857
Category Only,random_forest,0.8418441582564546,0.7373188405797102,0.1686046511627907,0.9354838709677419,0.2857142857142857
Geometry Only,logistic,0.6012243823911831,0.5887681159420289,0.0847457627118644,0.6451612903225806,0.149812734082397
Geometry Only,random_forest,0.8786530245805213,0.8813405797101449,0.2958579881656805,0.8064516129032258,0.4329004329004329
Combined,logistic,0.8800306482570739,0.7554347826086957,0.17701863354037267,0.9193548387096774,0.296875
Combined,random_forest,0.9034115534641818,0.8713768115942029,0.2777777777777778,0.8064516129032258,0.4132231404958678
