feature_set,model,test_auc,test_accuracy,test_precision,test_recall,test_f1
category_only,logistic,0.9394736842105263,0.8918918918918919,0.8484848484848485,0.8,0.8235294117647058
category_only,random_forest,0.9259398496240602,0.8918918918918919,0.8484848484848485,0.8,0.8235294117647058
geometry_only,logistic,0.6962406015037593,0.6756756756756757,0.4878048780487805,0.5714285714285714,0.5263157894736842
geometry_only,random_forest,0.7644736842105262,0.7567567567567568,0.6538461538461539,0.4857142857142857,0.5573770491803278
combined,logistic,0.9169172932330827,0.8738738738738738,0.7692307692307693,0.8571428571428571,0.8108108108108109
combined,random_forest,0.9396616541353384,0.8828828828828829,0.8235294117647058,0.8,0.8115942028985508
