feature,coefficient,std_error,z_score,p_value,odds_ratio
const,0.1650570499480868,1.085069042872366,0.15211663352882335,0.8790949452198791,1.1794604049469068
curvature_score,-1.184021968748968,0.3301649899507379,-3.586152392855552,0.00033559289034863635,0.30604535509483854
density,-0.1594636889993661,0.21792156786768924,-0.7317480805579751,0.4643223439588946,0.8526009256271087
centrality,-3.7229237532909774,1.1332932383114207,-3.28504894182378,0.001019646583110172,0.024163217181592353
local_id,0.0006655837104496615,0.0017052075406592884,0.3903241655806456,0.6962968561051565,1.000665805260438
