feature,coefficient,std_error,z_score,p_value,odds_ratio
const,1.0672672540401174,0.8571750327619946,1.2450983909332525,0.21309558553337715,2.9074233843995496
curvature_score,-1.2473196914484566,0.25973720531183925,-4.802237284223223,1.5690260495491656e-06,0.2872737481703099
density,-0.17314430312594944,0.17163956680057207,-1.008766838284588,0.31308646845589294,0.8410162448146954
centrality,-4.180986308922442,0.8969563177191029,-4.661304264576002,3.1421180514710747e-06,0.015283425951001104
local_id,0.0007927420331384333,0.0013508693991058215,0.5868383973041151,0.5573122460246598,1.0007930563361522
