model,is_hallucinated
claude-haiku-4.5,0.022304832713754646
claude-opus-4.5,0.031598513011152414
claude-sonnet-4.5,0.03345724907063197
gpt-5.1,0.03717472118959108
qwen-3-next-80b,0.05018587360594796
llama-4-maverick-17b,0.08178438661710037
gpt-4.1,0.08736059479553904
mixtral-8x7b,0.13568773234200743
gpt-4.1-mini,0.15055762081784388
gpt-4o-mini,0.20631970260223048
