model,is_hallucinated
claude-haiku-4.5,0.03531598513011153
claude-sonnet-4.5,0.04460966542750929
claude-opus-4.5,0.0724907063197026
gpt-5.1,0.10966542750929369
llama-4-maverick-17b,0.12639405204460966
qwen-3-next-80b,0.13382899628252787
gpt-4.1,0.1412639405204461
gpt-4.1-mini,0.1654275092936803
mixtral-8x7b,0.18587360594795538
gpt-4o-mini,0.23977695167286245
