model,is_hallucinated
claude-haiku-4.5,0.013363028953229399
claude-opus-4.5,0.0200445434298441
claude-sonnet-4.5,0.024498886414253896
qwen-3-next-80b,0.024498886414253896
gpt-5.1,0.0556792873051225
llama-4-maverick-17b,0.05790645879732739
gpt-4.1,0.07126948775055679
mixtral-8x7b,0.11804008908685969
gpt-4.1-mini,0.12472160356347439
gpt-4o-mini,0.17817371937639198
