threshold,pct_flagged,n_flagged,n_hallucinations_caught,pct_hallucinations_caught,precision,recall,fpr
0.3,30.0,14,8,72.72727272727273,0.5714285714285714,0.7272727272727273,0.16216216216216217
0.4,40.0,19,8,72.72727272727273,0.42105263157894735,0.7272727272727273,0.2972972972972973
0.5,50.0,24,9,81.81818181818183,0.375,0.8181818181818182,0.40540540540540543
