feature,importance
cat_nonexistent,1.037981905181508
cat_ambiguous,1.0306100417648008
curvature_score,0.32083573989853104
local_id,0.26990414013582564
cat_factual,0.1739649533701235
cat_impossible,0.034607884867970916
oppositeness_score,0.013472977842830724
