feature_set,model,test_auc,test_accuracy,test_precision,test_recall,test_f1
category_only,logistic,0.9054054054054054,0.8541666666666666,0.6666666666666666,0.7272727272727273,0.6956521739130435
category_only,random_forest,0.9054054054054054,0.8541666666666666,0.6666666666666666,0.7272727272727273,0.6956521739130435
geometry_only,logistic,0.5933660933660934,0.4791666666666667,0.26666666666666666,0.7272727272727273,0.3902439024390244
geometry_only,random_forest,0.6597051597051596,0.7083333333333334,0.2857142857142857,0.18181818181818182,0.2222222222222222
combined,logistic,0.8292383292383293,0.8541666666666666,0.6666666666666666,0.7272727272727273,0.6956521739130435
combined,random_forest,0.8366093366093366,0.7083333333333334,0.2,0.09090909090909091,0.125
