threshold,pct_flagged,n_flagged,n_hallucinations_caught,pct_hallucinations_caught,precision,recall,fpr
0.3,30.0,33,28,80.0,0.8484848484848485,0.8,0.06578947368421052
0.4,40.0,44,32,91.42857142857143,0.7272727272727273,0.9142857142857143,0.15789473684210525
0.5,50.0,55,34,97.14285714285714,0.6181818181818182,0.9714285714285714,0.27631578947368424
