threshold,pct_flagged,n_flagged,n_hallucinations_caught,pct_hallucinations_caught,precision,recall,fpr
0.3,30.0,331,55,88.70967741935483,0.1661631419939577,0.8870967741935484,0.2648752399232246
0.4,40.0,441,58,93.54838709677419,0.13151927437641722,0.9354838709677419,0.3675623800383877
0.5,50.0,552,58,93.54838709677419,0.10507246376811594,0.9354838709677419,0.4740882917466411
